Name,Image URL,Website Link,Rating,Price,Distance,Address,Phone,Open Hours
The Square - Hotel Novotel,https://b.zmtcdn.com/data/pictures/7/112827/511fce42d0458e415125971c2a51f37b.jpg,https://www.zomato.com/ahmedabad/the-square-hotel-novotel-satellite/info,4.1,"North Indian, Continental, Asian",6.5 km,"Iscon Cross Road, S G Highway, Satellite, Ahmedabad",+917940606060,Opens at 12noon
Saffron,https://b.zmtcdn.com/data/pictures/chains/9/110339/6924e94e023d07d14eccceac8b94f1fe.jpg,https://www.zomato.com/ahmedabad/saffron-gurukul/info,3.9,"North Indian, Chinese, Shake",3.2 km,"Sankalp Square, Drive In Road, Gurukul, Ahmedabad",+918160632538,Opens at 12noon
Chili's American Grill,https://b.zmtcdn.com/data/pictures/9/21200809/a9907a99e7bc931328e5f8cd60edd38a.jpg,https://www.zomato.com/ahmedabad/chilis-american-grill-vastrapur/info,4.5,"Pizza, Burger",3.8 km,"Unit TR 01, 3rd Floor, Vastrapur, Ahmedabad",+919667980058,11am – 12midnight (Today)
Grill Kitchen,https://b.zmtcdn.com/data/pictures/7/20765907/d10af00b7607047bf4c29fb1b4230071.jpeg,https://www.zomato.com/ahmedabad/grill-kitchen-chandkheda/info,4.3,"North Indian, Salad, Fast Food, Chinese, Desserts, Beverages",7.2 km,"205/206, Second Floor, North Plaza, 4D Square, Motera, Gandhi Nagar Road, Chandkheda, Ahmedabad",+919979855559,Opens at 12noon
1989 By Sphere Lounge,https://b.zmtcdn.com/data/pictures/4/19229594/9412dc7c2495828e309c81c74133c7e1.jpg,https://www.zomato.com/ahmedabad/1989-by-sphere-lounge-ambavadi/info,4.4,"Continental, Cafe, Mexican, North Indian, Italian, Salad, Desserts, Beverages",2.3 km,"13 THF/1307-1308, Addor Aspire, University Road, Ambavadi, Ahmedabad",+919909172225,Opens at 6pm
Nomad Pizza,https://b.zmtcdn.com/data/pictures/0/21064300/c9f474a80519e81d1b39d45336ad1d87.jpg,https://www.zomato.com/ahmedabad/nomad-pizza-c-g-road/info,4.0,"Pizza, Italian, Burger, Cafe, Pasta, Mexican, Beverages",2.5 km,"Ground Floor 12 & First Floor 112, Turquoise Building, Ellis Bridge, Near Panchvat Circle, C G Road, Ahmedabad",+918527743572,11am – 12midnight (Today)
Niro By Nini's,https://b.zmtcdn.com/data/pictures/3/20950663/d5e038b374601db98175ef337c5fad07.jpg,https://www.zomato.com/ahmedabad/niro-by-ninis-gulbai-tekra/info,4.0,"Cafe, Coffee, Sandwich, Fast Food, Shake",2.3 km,"Ground Floor, A Wing, Heritage Square, Opposite Atlanta Tower, Gulbai Tekra, Ahmedabad",+919979876666,11am – 11pm (Today)
From The North,https://b.zmtcdn.com/data/pictures/1/18769641/3e455adfcbc4d257f2c3f92b26e9f6e0.jpg,https://www.zomato.com/ahmedabad/from-the-north-c-g-road/info,4.3,"Asian, North Indian, Desserts, Beverages",948 m,"Ground Floor, Emerald Building, Choice Lane Road, C G Road, Ahmedabad",+919904442279,"11am – 3pm, 7pm – 11pm (Today)"
Pol 21 - Hotel Binori,https://b.zmtcdn.com/data/pictures/9/18877959/d15057c15339e5fc33e81ac6bec66d47.jpg,https://www.zomato.com/ahmedabad/pol-21-hotel-binori-thaltej/info,4.0,"North Indian, Chinese, South Indian, Salad, Biryani, Desserts, Beverages",5.1 km,"S.G Highway, Opposite New York Tower, Thaltej, Ahmedabad",+917227042420,Opens at 12noon
Angithi A Pure Veg Restaurant By Mirch Masala,https://b.zmtcdn.com/data/pictures/9/18480129/32c5949e3068bd8e24af2ece4faf4935.jpg,https://www.zomato.com/ahmedabad/angithi-a-pure-veg-restaurant-by-mirch-masala-bodakdev/info,4.5,"North Indian, Street Food",5.6 km,"Ground Floor, Sumel Complex, S.G.Highway, Near Tej Motors, Bodakdev, Ahmedabad",+917926857801,Opens at 12noon
Unlocked,https://b.zmtcdn.com/data/pictures/5/18454925/d2d5146c9da812db81a1c1d8e3e19fd2.jpg,https://www.zomato.com/ahmedabad/unlocked-navrangpura/info,4.1,"Cafe, Fast Food, North Indian, Chinese, Desserts, Beverages, Italian",1.4 km,"Dwarkesh Complex, Navrangpura, Ahmedabad",+919998131830,Opens at 11:30am
Welcomcafe Ikkat,https://b.zmtcdn.com/data/pictures/5/113155/81f483e8c8f189db5a256385c648d18f.jpg,https://www.zomato.com/ahmedabad/welcomcafe-ikkat-ashram-road/info,3.2,"North Indian, Continental, Asian, Goan, Desserts, Beverages",1.2 km,"15, Dandi Kuch Circle, Ashram Road, Ahmedabad",+917940268000,7:30am – 10:30pm (Today)
Spices - Multi-Cuisine Restaurant,https://b.zmtcdn.com/data/pictures/2/21214872/24eee3aa3a72fd2d7f7835c02d75be33.jpg,https://www.zomato.com/ahmedabad/spices-multi-cuisine-restaurant-naranpura/info,3.6,"North Indian, Cafe, Desserts, Chinese, Mexican, Salad, Beverages",2.2 km,"109/110, Gopal Nagar, AEC Cross Road, Naranpura, Ahmedabad",+918799226996,11am – 11pm (Today)
Pizza Don,https://b.zmtcdn.com/data/pictures/0/20889270/e585f43a0d03e325a22acaeea19ee530.jpeg,https://www.zomato.com/ahmedabad/pizza-don-navrangpura/info,4.1,"Pizza, Coffee, Tea, Italian",1.7 km,"Gf/4, Dynamic House, Memnagar Station, Navrangpura, Ahmedabad",+918780983326,11am – 11pm (Today)
Saffron Restaurant - Ramada,https://b.zmtcdn.com/data/pictures/3/110393/edb7de20a0af731b7a057c17b0ed2fbf.jpg,https://www.zomato.com/ahmedabad/saffron-restaurant-ramada-prahlad-nagar/info,4.0,"Continental, American, North Indian, Oriental, Fast Food, Desserts, Beverages, Mexican",7.3 km,"S G Highway, Near Prahlad Nagar Garden, Prahlad Nagar, Ahmedabad",+917940250000,24 Hours (Today)
Table Tales,https://b.zmtcdn.com/data/pictures/1/20540571/fad270705b44ff044aea03205cd2bef2.jpg,https://www.zomato.com/ahmedabad/table-tales-bodakdev/info,4.4,"North Indian, Italian, Wraps, Fast Food, Lebanese, Sandwich, Desserts, Beverages",6.5 km,"Shop 103, 1st Floor, Shilp Epitom, Bodakdev, Ahmedabad",+919925225218,11am – 11pm (Today)
1980 - A Royal Culinary Experience,https://b.zmtcdn.com/data/pictures/6/21219996/28516723a7d72e1ebe7a233d878c6189.jpeg,https://www.zomato.com/ahmedabad/1980-a-royal-culinary-experience-bodakdev/info,4.1,"North Indian, Biryani, Healthy Food, Chinese, Salad, Street Food, Desserts, Beverages",8.7 km,"18th Floor, Sankalp Square 3B, Sindhu Bhavan Road, Bodakdev, Ahmedabad",+919601863568,Opens at 11:30am
Bellasen Bistro,https://b.zmtcdn.com/data/pictures/9/20448699/3eb272d706e74f9bf6e4ec1c485d39b4.jpg,https://www.zomato.com/ahmedabad/bellasen-bistro-bodakdev/info,4.2,"North Indian, Chinese, Continental, Salad, Asian, Kebab, Fast Food, Bakery",5.6 km,"Plot 51, 19/4/1, TP Scheme 5/C, B/H Ranjit Automobiles, Thaltej Char Rasta, Bodakdev, Ahmedabad",+916352247868,Opens at 1pm
Banjara- The Culinary Symphony,https://b.zmtcdn.com/data/pictures/1/20510161/51cdbee13e83d07e8f7d294b092f111e.jpg,https://www.zomato.com/ahmedabad/banjara-the-culinary-symphony-1-bodakdev/info,4.2,"North Indian, Continental, Oriental, Chinese, Beverages, Desserts, Italian",6.9 km,"PRL Colony, Opposite Baabul Bagh Party Plot, Sindhu Bhawan Road, Bodakdev, Ahmedabad",+918373957784,Opens at 12noon
Fashiontv Cafe,https://b.zmtcdn.com/data/pictures/7/21072487/70ac876944538aa7c8ff73db249c1945.jpg,https://www.zomato.com/ahmedabad/fashiontv-cafe-thaltej/info,4.3,"North Indian, Italian, Mexican, Chinese, Beverages, Desserts",4.9 km,"Fh 02, 5Th Floor, Palladium Mall, Thaltej, Ahmedabad",+918655900281,Opens at 11:30am
The House Of Makeba,https://b.zmtcdn.com/data/pictures/9/19846159/025b88283382919b682f563ffc5eba94.jpg,https://www.zomato.com/ahmedabad/the-house-of-makeba-bodakdev/info,4.2,"North Indian, Mexican, Italian, Shake, Beverages",6.3 km,"2, Sigma 1, Corporate House, Sindhubhavan Road, Opposite Man Party Plot, Bodakdev, Ahmedabad",+918734861188,Opens at 12noon
EL'Olivo SBR,https://b.zmtcdn.com/data/pictures/4/21109314/e85a3ca9cf5236fc8bdbcc7f0def8942.jpg,https://www.zomato.com/ahmedabad/elolivo-sbr-thaltej/info,4.1,"Italian, Asian",6.9 km,"Shop number 5-6, Shreeya Atlanta, PRL Colony, Thaltej, Ahmedabad",+917862829002,11am – 11:30pm (Today)
Rustic Spices,https://b.zmtcdn.com/data/pictures/1/20619101/5ca781185c3413814a028bc0f3a0db85.jpg,https://www.zomato.com/ahmedabad/rustic-spices-satellite/info,4.1,"North Indian, South Indian, Chinese, Continental, Mexican, Pizza, Pasta, Fast Food",6.4 km,"16, Ground Floor, Shivalik Shilp, Satellite, Ahmedabad",+918866554777,Opens at 12noon
Tres Amigos,https://b.zmtcdn.com/data/pictures/0/19847630/318dc32ad454f1a53e735c82b6f42f72.jpg,https://www.zomato.com/ahmedabad/tres-amigos-thaltej/info,4.4,"Mexican, Continental, Fast Food",6.8 km,"17, Ground Floor, Times Square 1, Shilaj Road, Near Baghban Party Plot, Thaltej, Ahmedabad",+918799390641,Opens at 11:15am
Topspin,https://b.zmtcdn.com/data/pictures/1/20587341/a7a4fc8b1b4f1b77b07f052b46dd308d.jpg,https://www.zomato.com/ahmedabad/topspin-bodakdev/info,4.6,"Cafe, Coffee, Tea, Shake, Bakery, Pizza, Sandwich, Continental",6.3 km,"Shop B-101/3, First Floor, Dev ARC Complex, S G Highway, Bodakdev, Ahmedabad",+919930663000,"12midnight – 12:30am, 8am – 12midnight (Today)"
Foo Palladium Ahmedabad,https://b.zmtcdn.com/data/pictures/7/20816697/c7f03c86e3b3c1c160bdb1400ff01222.jpg,https://www.zomato.com/ahmedabad/foo-palladium-ahmedabad-thaltej/info,4.5,"Chinese, Sushi, Asian, Japanese, Desserts",4.9 km,"4th Floor, Palladium Mall, Municipal Corporation, Thaltej, Ahmedabad",+917984264651,Opens at 12noon
Ishaara,https://b.zmtcdn.com/data/pictures/7/20620727/b736a431d62c89a4db99d88b140331bd_o2_featured_v2.jpg,https://www.zomato.com/ahmedabad/ishaara-thaltej/info,4.6,"North Indian, Mughlai, Kebab, Biryani, Rolls, Pizza, Desserts",4.9 km,"03, 4th Floor, Phoenix Palladium Mall, Thaltej, Ahmedabad",+919152880895,Opens at 11:30am
Grilled Baked Boiled Restaurant,https://b.zmtcdn.com/data/pictures/9/20828119/93d1ad4b89cabb0c8d0cce39e684fab5.jpeg,https://www.zomato.com/ahmedabad/grilled-baked-boiled-restaurant-bopal/info,4.2,North Indian,8.5 km,"Rajpath Rangoli Road, Near Ambli Road, Bopal, Ahmedabad",+919825005109,Opens at 12noon
Lithosphere By Upper Crust,https://b.zmtcdn.com/data/pictures/2/19931452/29e756a50c3ce833923d3c1583c6b00e.jpg,https://www.zomato.com/ahmedabad/lithosphere-by-upper-crust-bodakdev/info,4.5,"Modern Indian, Asian, Continental, Italian, Pizza, North Indian, Biryani, Beverages",6.2 km,"Rajpath Club, SG Highway, Near 9th Aveneue, Bodakdev, Ahmedabad",+917069188818,Opens at 12noon
Food Stories By The Westend,https://b.zmtcdn.com/data/reviews_photos/9c8/ff2a08706e8196517289e01d477889c8_1601970730.jpg,https://www.zomato.com/ahmedabad/food-stories-by-the-westend-thaltej/info,4.2,"North Indian, Tex-Mex, Italian, Beverages, Modern Indian, Desserts, Pasta, Mexican",4.2 km,"Unit 201, 2nd Floor, Maple Trade Center, Sal Hospital Road, Near Surdhara Circle, Thaltej, Ahmedabad",+919998435555,"12midnight – 1:45am, 11am – 2:45pm, 7pm – 12midnight (Today)"
Three Quarter Indian,https://b.zmtcdn.com/data/pictures/4/19335424/dba4ab1a43a16136533d54b64fe02bd8.jpg,https://www.zomato.com/ahmedabad/three-quarter-indian-satellite/info,4.2,"North Indian, Continental, Italian, Chinese, Beverages, Desserts",4.5 km,"Unit B-1101, Floor 11, Vivan Square, B Wing, Jodhpur Cross Roads, Satellite, Ahmedabad",+919099484950,Opens at 12noon
Pizzaiiolo - The Wood Fired Pizza,https://b.zmtcdn.com/data/reviews_photos/20f/117b82f760629f67fbd94bb5c835720f_1709222825.jpg,https://www.zomato.com/ahmedabad/pizzaiiolo-the-wood-fired-pizza-thaltej/info,4.4,"Pizza, Pasta, Italian, Sandwich, Fast Food, Shake, Beverages",6 km,"Shop 17, Shreeya Amalga, Sindhu Bhavan Road, Thaltej, Ahmedabad",+919099899810,Opens at 12noon
The Messy Door Cafe,https://b.zmtcdn.com/data/pictures/7/21005957/2b13e1739fef635d38b68a01da0e2641.png,https://www.zomato.com/ahmedabad/the-messy-door-cafe-navrangpura/info,4.5,"Cafe, Coffee, Sandwich, Pizza, Pasta, Fast Food, Shake, Beverages",1.8 km,"Shop 1, Ground Floor, Gala Business Centre 2, HL Collage Road, Near Reliance Fresh, Navrangpura, Ahmedabad",+918511123254,11am – 11pm (Today)
Sankalp Signature,https://b.zmtcdn.com/data/pictures/2/21109272/2ccc78cd31edf7acfa6a936e419359ce.jpg,https://www.zomato.com/ahmedabad/sankalp-signature-bodakdev/info,4.0,"South Indian, Andhra, Kerala, Desserts, Beverages",8.7 km,"18Th Floor, Sankalp Square 3B, Sindhu Bhavan Marg, Near Taj Skyline, Prl Colony, Bodakdev, Ahmedabad",Not available for this place,Opens at 11:30am
Pepito,https://b.zmtcdn.com/data/pictures/1/21052591/22bb88dba4730602b206503fddbd1c53.jpg,https://www.zomato.com/ahmedabad/pepito-thaltej/info,2.9,"Asian, European, Modern Indian, Italian, Mexican, Coffee",8.6 km,"88/1, Shott Gaming Zone, Sindhu Bhavan Marg, Opposite MonteCristo Banquet, PRL Colony, Thaltej, Ahmedabad",+918858857878,Opens at 12noon
Aurroville -  All About Food,https://b.zmtcdn.com/data/pictures/chains/2/20615092/e5eafec7cf1b0910902a25728060c2bf.jpg,https://www.zomato.com/ahmedabad/aurroville-all-about-food-bopal/info,3.3,"North Indian, Kathiyawadi, Chinese, Pizza, Biryani, Fast Food",8.3 km,"Mumatpura Road, Bopal, Ahmedabad",+917600010060,Opens at 11:30am
Patang - The Revolving Restaurant,https://b.zmtcdn.com/data/pictures/2/110502/5eee561c02a072adeaad9ee85df98da8.jpg,https://www.zomato.com/ahmedabad/patang-the-revolving-restaurant-ashram-road/info,3.8,"North Indian, Chinese, Continental",1.9 km,"Chinubhai Tower, Nehru Bridge Corner, Ashram Road, Ahmedabad",+918980009222,Opens at 12noon
Sam's Pizza,https://b.zmtcdn.com/data/pictures/chains/7/113747/1e34aa7577f54ea5b249e1d6a6d96db8.jpg,https://www.zomato.com/ahmedabad/sams-pizza-2-vastrapur/info,4.2,"Pizza, Fast Food",2.9 km,"Shivalik Plaza, IIM Road, Vastrapur, Ahmedabad",+917948924040,11am – 11pm (Today)
The Barnyard Co,https://b.zmtcdn.com/data/reviews_photos/5eb/3128a09f3034937f38c5677f166315eb_1698781629.jpg,https://www.zomato.com/ahmedabad/the-barnyard-co-chandkheda/info,3.2,"North Indian, Italian",10.1 km,"Plot 208, FP 36/2, Chandkheda Ring Road, Opposite Lubi Office, Chandkheda, Ahmedabad",+918780591708,11am – 1am (Today)
M.A.D By Tomato's,https://b.zmtcdn.com/data/pictures/5/113495/de66d9bac8bb20a45e25bb071c61f8f7.jpg,https://www.zomato.com/ahmedabad/m-a-d-by-tomatos-bodakdev/info,4.3,"North Indian, Chinese, Mexican, Asian, Italian, Oriental, Continental",5.6 km,"Sumel Complex, Ground Floor, S.G.Highway, Near Tej Motors, Bodakdev, Ahmedabad",+919712906726,Opens at 12noon
Amritsar Haveli,https://b.zmtcdn.com/data/pictures/7/20422577/a9c17a66231320ce90c4f6ad6b0344de.jpg,https://www.zomato.com/ahmedabad/amritsar-haveli-1-bodakdev/info,4.0,"North Indian, Chinese, Street Food, Biryani, Desserts, Beverages",6.1 km,"16, 1st Floor, Time Square 2, Sindhubhawan Marg, Bodakdev, Ahmedabad",+919974882250,Opens at 11:30am
Mocha,https://b.zmtcdn.com/data/pictures/8/18143128/280a67fda7a57c6608d9696c11c1ac89.jpg,https://www.zomato.com/ahmedabad/mocha-bodakdev/info,4.4,"Italian, Pizza, Momos, Pasta, North Indian, Desserts, Beverages",5.8 km,"6-9, Ground Floor, Devashish Business Park, Near Krishna Complex, Bodakdev, Ahmedabad",+919725200002,Opens at 11:30am
K's Charcoal,https://b.zmtcdn.com/data/pictures/5/20800555/e7c42c8311d7c56d02f6fcfa3350288c.jpeg,https://www.zomato.com/ahmedabad/ks-charcoal-bodakdev/info,3.2,"Pizza, Pasta, Italian, Fast Food, Salad, Desserts, Beverages",7.4 km,"Billionaires Street, Sindhu Bhavan Marg, Shashwat Bungalow Cross Road, Opposite Kadamb Villa, Bodakdev, Ahmedabad",+918849778846,Opens at 12noon
Cafe Patio - Hotel Binori,https://b.zmtcdn.com/data/pictures/5/18877945/d6da986e81bd5a5c1a7b8f0fb976deb5.jpg,https://www.zomato.com/ahmedabad/cafe-patio-hotel-binori-thaltej/info,3.9,"North Indian, Fast Food, Chinese, Beverages, Desserts",5.1 km,"Opposite New York Tower, S.G Highway, Thaltej, Ahmedabad",+917968141414,11am – 11pm (Today)
Citrus Junction- The Leela,https://b.zmtcdn.com/data/pictures/0/19832410/58da6da05fe73ea50e4b9a9bc116e9d4.jpg,https://www.zomato.com/ahmedabad/citrus-junction-the-leela-sector-16-gandhinagar/info,4.5,"Asian, Continental, North Indian",22.2 km,"The Leela, Near Gandhinagar Railway Station, Sector 16, Gandhinagar",+917486001193,Opens at 12:30pm
Oaxaca,https://b.zmtcdn.com/data/pictures/1/20504691/017d8805927adc5c21c824774ff3d2b7.jpg,https://www.zomato.com/ahmedabad/oaxaca-navrangpura/info,3.5,"Mexican, Fast Food, Desserts, Beverages",1.5 km,"Neelamber Complex, H L College Road, Navrangpura, Ahmedabad",+916359119991,11am – 11pm (Today)
Masala County,https://b.zmtcdn.com/data/pictures/3/110933/781aca6b6ddb3c8087083ec8db3b32e5.png,https://www.zomato.com/ahmedabad/masala-county-chandkheda/info,4.2,"North Indian, Chinese, Mughlai, Biryani, Ice Cream, Desserts, Beverages",10.3 km,"2nd Floor, Shree Balaji Agora Mall, Chandkheda, Ahmedabad",+919227888238,Opens at 12noon
Scoby's,https://b.zmtcdn.com/data/pictures/7/20838047/14eb1ef06ff6724a33dbde68c3e9a45b.jpg,https://www.zomato.com/ahmedabad/scobys-c-g-road/info,3.8,"North Indian, Continental",1.5 km,"2 Centaur House, 40 Umashankar Joshi Marg, Chimanlal Girdharlal Road, Navrangpura, C G Road, Ahmedabad",+919624017090,Opens at 12noon
Cafezza,https://b.zmtcdn.com/data/pictures/6/20895376/c2c13b374a4580b13069cfaa04d08b37.jpg,https://www.zomato.com/ahmedabad/cafezza-airport-gandhinagar-highway-gandhinagar/info,4.3,"Cafe, Coffee, Tea, Juices, Sandwich, Pizza, Fast Food, Desserts",16.1 km,"3rd Floor, Siddhraj Z Square, Airport Gandhinagar Highway, Gandhinagar",+919879000097,11am – 10:45pm (Today)
The Secret Kitchen,https://b.zmtcdn.com/data/pictures/4/18766904/636948a12f02524c199fbf3ab1b7ab48.jpeg,https://www.zomato.com/ahmedabad/the-secret-kitchen-bodakdev/info,4.0,"North Indian, Sushi, Hot Pot, Beverages, Pasta, Pizza",6.1 km,"2nd Floor, Times Square Two, Sindhu Bhavan Road, Near Bodakdev, Ahmedabad",+919825797797,Opens at 12noon
The Shaka Cafe,https://b.zmtcdn.com/data/pictures/2/19123522/be7169dab40ea7f8fd4666b5ff098cd1.jpeg,https://www.zomato.com/ahmedabad/the-shaka-cafe-prahlad-nagar/info,4.2,"Asian, Sushi, North Indian, Chinese, Cafe, Desserts, Beverages, Pizza",7.1 km,"1st Floor, Pushpak Complex, Near Prahlad Nagar Garden, Prahlad Nagar, Ahmedabad",+918866572104,11am – 11pm (Today)
Desi Rasoi,https://b.zmtcdn.com/data/pictures/7/21072837/b70c1ad2ba2b17584fffd92a7f5ecc2e_o2_featured_v2.jpg,https://www.zomato.com/ahmedabad/desi-rasoi-satellite/info,4.2,"Gujarati, North Indian, Kathiyawadi, Rajasthani",5.7 km,"209/210, 2nd Floor, Nilkanth Palace, 100 Feet Anand Nagar Road, Satellite, Ahmedabad",+918511861177,Opens at 12noon
Cucina Restaurant,https://b.zmtcdn.com/data/pictures/9/20541749/6caff27ee9cac501ba40725dbf56a4a8.jpeg,https://www.zomato.com/ahmedabad/cucina-restaurant-infocity-gandhinagar/info,4.5,"Chinese, Continental, North Indian, Biryani, Pasta, Pizza",14.9 km,"508-519, 5th Floor, Sarthak Pluse Mall, PDEU Cross Road, Infocity, Gandhinagar",+919909844777,11am – 11pm (Today)
Compass Kitchen,https://b.zmtcdn.com/data/reviews_photos/c3c/4326a359c69b9ba3038fc571ffd75c3c_1630758372.jpg,https://www.zomato.com/ahmedabad/compass-kitchen-2-chandkheda/info,4.4,"North Indian, Chinese, Sandwich, Pizza, Oriental, Street Food, Beverages, Pasta",9.8 km,"TP-44, Chandkheda, Ahmedabad",+918469249473,Opens at 12noon
Silver Leaf,https://b.zmtcdn.com/data/pictures/3/18231913/edd7f962ecef66799d943077dcd060d3.jpg,https://www.zomato.com/ahmedabad/silver-leaf-thaltej/info,3.9,"North Indian, Mughlai, Chinese, Parsi, Sandwich, Wraps, Desserts, Beverages",5.2 km,"Ground Floor, The Acropolis, Thaltej Cross Road, S G Highway, Thaltej, Ahmedabad",+917490001302,Opens at 12noon
Roastery Cultur - The Coffee Company,https://b.zmtcdn.com/data/reviews_photos/2f1/a94a5bcb7b1ee090e03f604fabb982f1_1557684480.jpg,https://www.zomato.com/ahmedabad/roastery-cultur-the-coffee-company-bodakdev/info,4.4,"Cafe, Fast Food, Italian, Coffee, Beverages, Desserts",4.7 km,"41, Springfield Row House, Near Akash Towers, Bodakdev, Ahmedabad",+918121000989,11am – 1am (Today)
Mahamahal,https://b.zmtcdn.com/data/pictures/6/20988996/cbdb1b20c1b270838533f6c738498bf6.jpg,https://www.zomato.com/ahmedabad/mahamahal-thaltej/info,4.0,"North Indian, Gujarati, Italian, Thai, Chinese, South Indian, Mexican, Desserts",6 km,"FF 120, Shreeya Amalga, Opposite Bhavin School, Thaltej, Ahmedabad",+916359595983,"11am – 3pm, 7pm – 10:30pm (Today)"
Chelvies Coffee,https://b.zmtcdn.com/data/pictures/0/21026870/fdfd76cdd7aed58acd53aa3a447ab53b.jpg,https://www.zomato.com/ahmedabad/chelvies-coffee-bodakdev/info,4.3,"Cafe, Coffee, Bakery, Sandwich, Pizza, Fast Food, Desserts, Beverages",6 km,"Shop 19/20, Ground Floor, Times Square II, Near Mann Party Plot, Bodakdev, Ahmedabad",+919998656675,"12midnight – 12:45am, 8am – 12midnight (Today)"
Sazzy Sizzlers,https://b.zmtcdn.com/data/pictures/2/20573282/88754639dda074d1ad5febb8e0ef50f1.jpg,https://www.zomato.com/ahmedabad/sazzy-sizzlers-naranpura/info,4.6,"Chinese, Continental, Italian, Sandwich, Pizza, Asian, Salad, Desserts",1.7 km,"3 & 4, Ground Floor, Aeon Complex, Sarvottam Nagar Society, Navrangpura, Ahmedabad",+919558410844,Opens at 11:30am
Chur Chur Naan - Punjab Junction,https://b.zmtcdn.com/data/pictures/8/20674608/95c91921f2fd3e43e5ad0e94d7e49bdb.jpg,https://www.zomato.com/ahmedabad/chur-chur-naan-punjab-junction-gulbai-tekra/info,2.9,"North Indian, Chinese, Fast Food, Desserts",2.8 km,"2, Devang Park, Panjarapole Cross Road, Gulbai Tekra, Ahmedabad",+919727397036,"11am – 2:30pm, 7pm – 10:30pm (Today)"
Ame Cafe & Patisserie,https://b.zmtcdn.com/data/pictures/7/21296287/611876b7eb9369e0418a610c73a1aab0.jpg,https://www.zomato.com/ahmedabad/ame-cafe-patisserie-1-thaltej/info,3.4,"Cafe, Coffee, Continental, Italian, Salad, Fast Food, Desserts, Shake",6.9 km,"FP-18, Minotti Furniture, PRL Colony, Thaltej, Ahmedabad",+918849697574,11am – 2am (Today)
Zoca Cafe,https://b.zmtcdn.com/data/pictures/chains/4/20731314/b6b7915a1e38f9bd77559fb22e16e431.jpg,https://www.zomato.com/ahmedabad/zoca-cafe-bodakdev/info,4.0,"Cafe, Coffee, North Indian, Continental, Chinese, Pizza, Fast Food, Beverages",5.8 km,"TP 50, FP 56/1, Shop 22/3, Near Sterling Hospital, Bodakdev, Ahmedabad",+919157307606,11am – 11:30pm (Today)
"The Pink Door Restaurant, Gandhinagar",https://b.zmtcdn.com/data/pictures/1/21153921/6ee9c3a5c734d3ea738156966e0942db.jpeg,https://www.zomato.com/ahmedabad/the-pink-door-restaurant-gandhinagar-infocity-gandhinagar/info,New,"North Indian, Pizza, Chinese, Healthy Food, Beverages, Desserts",17.1 km,"Shop 5, Ground Floor, Pramukh Anand Orbit Mall, Reliance Cross Road Near Pramukh Road, Infocity, Gandhinagar",+917359153555,Opens at 12noon
Punjab Grill,https://b.zmtcdn.com/data/pictures/7/20674467/bc5cd0d7f120bf624bdb319b958ed852.jpg,https://www.zomato.com/ahmedabad/punjab-grill-thaltej/info,4.3,"North Indian, Kebab, Biryani, Mughlai",5 km,"32, 4th Floor, Palladium Mall, Thaltej, Ahmedabad",+918130605763,11am – 11:30pm (Today)
The Fountain,https://b.zmtcdn.com/data/pictures/0/21067930/0807537686cac71f7d84428ab3cdf495.jpg,https://www.zomato.com/ahmedabad/the-fountain-chandkheda/info,4.0,"Continental, North Indian",9.8 km,"Circle, Near Gandhinagar, Chandkheda, Ahmedabad",+917861895107,"11am – 3pm, 7pm – 11pm (Today)"
Caffix - The Tech Cafe,https://b.zmtcdn.com/data/pictures/1/18456111/e4faa4eeb965538694fccb9749366485.jpg,https://www.zomato.com/ahmedabad/caffix-the-tech-cafe-thaltej/info,3.9,"Cafe, Pizza, North Indian, Biryani, Chinese, Mexican, Continental, Beverages",7 km,"301, Soham Pristine, Prl Colony, Thaltej, Ahmedabad",+918200019173,11am – 1am (Today)
Pep House,https://b.zmtcdn.com/data/pictures/chains/5/20745985/1d2d092ae73df5888aadc05f5fc44a1c_featured_v2.jpg,https://www.zomato.com/ahmedabad/pep-house-bodakdev/info,4.2,"Modern Indian, North Indian, Italian, Oriental, Desserts, Beverages",6.9 km,"06, Ground Floor, Patron, Rajpath Club To S.P. Ring Road, Opposite Kensvilla Golf Academy, Bodakdev, Ahmedabad",+916354802340,Opens at 12noon
The Trophy,https://b.zmtcdn.com/data/pictures/6/20991466/31bdd2735aa9a09eea1f207f3cdb66da.jpg,https://www.zomato.com/ahmedabad/the-trophy-prahlad-nagar/info,4.2,"North Indian, Mughlai, Oriental, Continental, Asian, Biryani, Pizza, Chinese",7.9 km,"1st Floor, YMCA International Centre, SG Road, Prahlad Nagar, Ahmedabad",+919016727554,Opens at 12noon
Temptations - The Eatery,https://b.zmtcdn.com/data/pictures/5/21154395/fafef58e49e962f0b17a335a1767b9be.jpeg,https://www.zomato.com/ahmedabad/temptations-the-eatery-airport-gandhinagar-highway-gandhinagar/info,4.2,"Italian, Pizza, Burger, Fast Food, Waffle, Desserts, Shake",16 km,"Shop 20, Siddhraj Z Square, Airport Gandhinagar Highway, Gandhinagar",+918141441406,11am – 11pm (Today)
Jajarmaan,https://b.zmtcdn.com/data/pictures/4/18270364/36eb388bcfe9b22df229bd8b63be65d3_featured_v2.JPG,https://www.zomato.com/ahmedabad/jajarmaan-thaltej/info,4.0,"North Indian, Chinese, Mexican, Gujarati, Italian, Biryani, Desserts, Beverages",7.2 km,"Survey 86/3, 213, 37, PRL Colony, Near Baleshwar Party Plot, Thaltej, Ahmedabad",+919909511935,"11am – 3pm, 7pm – 10pm (Today)"
MayKA,https://b.zmtcdn.com/data/pictures/2/20821612/45a0e794bcd99e943e9edf8901d1d493.jpg,https://www.zomato.com/ahmedabad/mayka-bodakdev/info,3.9,"North Indian, Modern Indian, Desserts, Chinese",6.3 km,"Rajpath Rangoli Road, Bodakdev, Ahmedabad",+919510192234,Opens at 12noon
Dakshin Bhojnam,https://b.zmtcdn.com/data/pictures/7/21006547/5dddfb9e452b54b7fdc212a1c119abd6.jpg,https://www.zomato.com/ahmedabad/dakshin-bhojnam-1-sola/info,4.3,"South Indian, Biryani, Beverages",6 km,"Shop 6, 7, 07A, 07B, 8, 9, 10, Ground Floor, Savan Mall, Near Kargil Petrol Pump, Sola, Ahmedabad",+918780889038,7am – 11pm (Today)
TG’s - The Oriental Grill - Hyatt,https://b.zmtcdn.com/data/reviews_photos/3bb/e4e2a1222b8b7fa6fd5b972c531db3bb_1539691972.jpg,https://www.zomato.com/ahmedabad/tg-s-the-oriental-grill-hyatt-vastrapur/info,4.6,"Oriental, Asian, Beverages",3.7 km,"Near Vastrapur Lake, Vastrapur, Ahmedabad",+917575002489,Opens at 12:30pm
Cafe Street Circus By TQI,https://b.zmtcdn.com/data/pictures/6/21054686/ca3d77785af517f85337274cf37c452b.jpg,https://www.zomato.com/ahmedabad/cafe-street-circus-by-tqi-thaltej/info,4.1,"North Indian, Pizza, Chinese",5.6 km,"5th Floor, Silver Radiance, Zydus Hospital Road Thaltej, Ahmedabad",+918735838044,Opens at 1pm
Nook By Grace Coffee Co.,https://b.zmtcdn.com/data/pictures/7/21169937/5a58c671a15911ce4cad8ba57a5ae268.jpg,https://www.zomato.com/ahmedabad/nook-by-grace-coffee-co-navrangpura/info,4.4,"Coffee, Continental, Italian, Shake, Tea, Beverages",1.5 km,"B/6/1, Nilamber Complex, St. Xavier's College Corner, Navrangpura, Ahmedabad",+919256867123,10am – 12midnight (Today)
Temptt Restro And Cafe,https://b.zmtcdn.com/data/pictures/4/19121474/18acd2ab580f5ad83e0c107c1a15ebca.jpg,https://www.zomato.com/ahmedabad/temptt-restro-and-cafe-chandkheda/info,4.2,"North Indian, Continental",9.7 km,"Office 1 & 2, 6th Floor, Athishay Prism, Tapovan Circle, Amiyapur, Chandkheda, Ahmedabad",+919099111064,11am – 11pm (Today)
TMS - Global Kitchen,https://b.zmtcdn.com/data/pictures/5/21097775/5a0b8aa29678da7c0c8c1fcabce96997_o2_featured_v2.jpg,https://www.zomato.com/ahmedabad/tms-global-kitchen-airport-gandhinagar-highway-gandhinagar/info,4.2,"North Indian, Chinese, Biryani, Italian, Oriental, Fast Food, Desserts, Beverages",16.1 km,"Ground Floor, Siddhraj Z Square, Poddar International School Road, Airport Gandhinagar Highway, Gandhinagar",+919099322445,Opens at 12noon
Jalpaan Restaurant,https://b.zmtcdn.com/data/pictures/chains/8/18524468/f260ad01dbcf5f265e26a5b7983cc183.jpg,https://www.zomato.com/ahmedabad/jalpaan-restaurant-thaltej/info,3.8,"Street Food, Mexican, Italian, North Indian, Pizza, Chinese, Oriental, Desserts",6.7 km,"1 Floor, 8, 9 Times Square Arcade, Near Baghban Party Plot, Thaltej, Ahmedabad",+917948902600,"11:30am – 3pm, 7pm – 10:45pm (Today)"
China House - Hyatt Regency,https://b.zmtcdn.com/data/pictures/9/18161729/58ae1104f2968ab545cc4294fc7b621d.jpg,https://www.zomato.com/ahmedabad/china-house-hyatt-regency-ashram-road/info,4.9,"Chinese, Asian, Sichuan, Desserts",369 m,"17 A, Near Ashram Road, Ahmedabad",+917574850298,Opens at 12:30pm
Koffee Stories,https://b.zmtcdn.com/data/pictures/1/20936011/81fc0b2f90f9fa8399363af262de79a2.jpeg,https://www.zomato.com/ahmedabad/koffee-stories-ambavadi/info,3.9,"Cafe, Coffee, Pizza, Pasta, Fast Food, Tea, Shake, Beverages",4.2 km,"G-6, Sun Avenue One, Bhudarpura, Shyamal, Manek Baug Road, Ambavadi, Ahmedabad",+919023839066,10am – 5pm (Today)
Nosh,https://b.zmtcdn.com/data/pictures/4/20512104/27aa9b33ff8f1b0dd4b1ad9b3991cac5.jpg,https://www.zomato.com/ahmedabad/nosh-bodakdev/info,3.9,"Mexican, Chinese, Italian, Beverages",7.2 km,"84/3/3, Plot 36, Dada Nu Farm, Billionaire Street, PRL Colony, Bodakdev, Ahmedabad",+917567717000,Opens at 12noon
Mirch Masala,https://b.zmtcdn.com/data/pictures/chains/0/110280/e041e3cd2668fc4cd8741f2dae40cd2c.jpg,https://www.zomato.com/ahmedabad/mirch-masala-bodakdev/info,4.2,"North Indian, Mughlai, Biryani, Desserts, Beverages",5.6 km,"Sumel Complex, S G Highway, Bodakdev, Ahmedabad",+917926853200,Opens at 12noon
Vintage Vibes,https://b.zmtcdn.com/data/pictures/9/19968259/21ee3ccbc630e4aa3c61dd649bd1a674.jpg,https://www.zomato.com/ahmedabad/vintage-vibes-bodakdev/info,4.0,"North Indian, Asian, Italian, Continental",7.1 km,"84/3/3. Plot 36, Dada Nu Farm, Sindhu Bhavan Road, Opposite Jajarman Party Plot, Bodakdev, Ahmedabad",+917567715000,Opens at 12noon
Pita Pita,https://b.zmtcdn.com/data/pictures/6/20072476/51309a6e8268aaa5aa4d94e47b85dced.jpg,https://www.zomato.com/ahmedabad/pita-pita-bodakdev/info,3.6,"Mediterranean, Healthy Food, Shawarma, Salad",5.1 km,"16, Shivalik Avenue, Near Nirma School, Bodakdev, Ahmedabad",+918799285636,10am – 10:45pm (Today)
Upper Crust,https://b.zmtcdn.com/data/pictures/6/110076/66d8fc345c4b31971fb4e3973ee24236.jpg,https://www.zomato.com/ahmedabad/upper-crust-navrangpura/info,4.4,"BBQ, Modern Indian, Italian, Desserts, North Indian, Pizza, Bakery",1.8 km,"Aarohi Complex, Vijay Cross Road, Navrangpura, Ahmedabad",+917927912778,11am – 11pm (Today)
Wow Dosa Fusion Of South Indian Food,https://b.zmtcdn.com/data/pictures/4/20540074/48f5240e195f92916b993860998b2edb.png,https://www.zomato.com/ahmedabad/wow-dosa-fusion-of-south-indian-food-gurukul/info,4.0,"South Indian, Desserts, Beverages, Coffee",3.7 km,"101, Shilp Square B, Drive In Road, Gurukul, Ahmedabad",+919879879660,Opens at 12noon
The Vibe-X Restro & Cafe,https://b.zmtcdn.com/data/pictures/8/20467488/fd22242b7d0f876cb7cce30c09629d00.jpg,https://www.zomato.com/ahmedabad/the-vibe-x-restro-cafe-chandkheda/info,4.1,"North Indian, Oriental, Sushi, Thai, Coffee, Pizza, Pasta",9.9 km,"601, Sixth Floor, Happy Heights, Near Tapovan Circle, Chandkheda, Ahmedabad",+917069905246,Opens at 12noon
Z27 Coffee Bar,https://b.zmtcdn.com/data/reviews_photos/629/f863d386edac5716a275fd5669b5b629_1697400905.jpg,https://www.zomato.com/ahmedabad/z27-coffee-bar-thaltej/info,4.1,"Cafe, Coffee, Beverages, North Indian, Continental, Italian, Fast Food, Desserts",8.4 km,"PRL Colony, Thaltej, Ahmedabad",+916359482264,Opens at 5pm
Cha,https://b.zmtcdn.com/data/pictures/4/20698004/f9eceb8d39f4989159bbf44b1b600718.jpg,https://www.zomato.com/ahmedabad/cha-1-thaltej/info,4.2,"Asian, Chinese",5 km,"19, 4th Floor, Phoenix Palladium Mall, Zydus Hospital Cross Road, Near Eklavya Sports Acadamy, Thaltej, Ahmedabad",+919152622482,11:30am – 11pm (Today)
Di Grano Hot & Fresh,https://b.zmtcdn.com/data/pictures/1/20998161/82081eb05c7ff167711e6370e70ce46e.jpg,https://www.zomato.com/ahmedabad/di-grano-hot-fresh-1-bodakdev/info,4.1,"Cafe, Italian, Pasta, Pizza, Desserts, Beverages",6 km,"Ground Floor 05, Zion Z1, Opposite Sindhubhavan Marg, Bodakdev, Ahmedabad",+917575075353,11am – 11pm (Today)
Arbre,https://b.zmtcdn.com/data/pictures/8/20600038/17e576fc6a1c164ecfbd53ba3e84d234.jpeg,https://www.zomato.com/ahmedabad/arbre-satellite/info,4.0,"North Indian, Pizza, Pasta, Desserts",8.3 km,"Survey 512/K, Iskon Ambali Road, Satellite, Ahmedabad",+916358880418,11am – 11pm (Today)
Wok On Fire,https://b.zmtcdn.com/data/pictures/chains/6/113356/c4b8ed2fe6ac8f0788189894263bc94f.jpg,https://www.zomato.com/ahmedabad/wok-on-fire-1-bodakdev/info,4.0,"Chinese, Asian, Momos, Desserts, Beverages",6.9 km,"G1, Prl Colony, Patron, Opposite Kensville Golf Academy, Rajpath Rangoli Road, Bodakdev, Ahmedabad",+917874922522,Opens at 12noon
Sizzling Shihai,https://b.zmtcdn.com/data/pictures/1/110941/2c6da6dac577443a41dd9ad572a796b8.jpg,https://www.zomato.com/ahmedabad/sizzling-shihai-chandkheda/info,4.3,"Chinese, Thai, Desserts, Beverages",10.3 km,"2nd Floor, Shree Balaji Agora Mall, Near Tapovan And Bhat Circles, Chandkheda, Ahmedabad",+917046035080,Opens at 12noon
Vamja's Restaurant,https://b.zmtcdn.com/data/pictures/chains/9/21108719/ba386de2183dc33155065138253c8b65.jpeg,https://www.zomato.com/ahmedabad/vamjas-restaurant-gota/info,3.4,"Italian, Mexican, Oriental, Japanese, Thai",8.2 km,"TP-57, 27, Box Park, Gota, Ahmedabad",+917990795275,"11am – 3pm, 6pm – 11:30pm (Today)"
Cilantro's Global Cuisine Restaurant,https://b.zmtcdn.com/data/pictures/3/20823523/baccd79cd32878f68238158fd40f4adc.jpeg,https://www.zomato.com/ahmedabad/cilantros-global-cuisine-restaurant-airport-gandhinagar-highway-gandhinagar/info,4.6,"North Indian, Asian, Chinese, Pizza, Italian, Continental, Desserts, Beverages",16.4 km,"315/316/317, 3rd Floor, The Urbania, Plam Road, Airport Gandhinagar Highway, Gandhinagar",+919104083535,Opens at 12noon
Carry On Tomato's & Mirch Masala,https://b.zmtcdn.com/data/pictures/5/20438135/d7aa508033fcb44725935003942b2385.jpg,https://www.zomato.com/ahmedabad/carry-on-tomatos-mirch-masala-bopal/info,4.3,"North Indian, Continental, Italian, Chinese, Biryani, Fast Food",10 km,"Shop 26-27, Opp Safal Parisar 2, Gamara Capital, South Bopal, Ahmedabad",+919712979996,Opens at 12:15pm
Papadum,https://b.zmtcdn.com/data/pictures/3/21167883/704959e8036f873156c0159a7b1904da.jpg,https://www.zomato.com/ahmedabad/papadum-thaltej/info,4.3,"South Indian, Tamil, Kerala, Beverages",8.9 km,"Shop 1, 1st Floor, Westside Elegance, Near S.B.I Bank, Thaltej, Ahmedabad",+919327710841,11am – 11pm (Today)
Shree Annapurna Corner,https://b.zmtcdn.com/data/reviews_photos/223/9446a194bf521106caadcaeec0cdb223_1721198440.jpg,https://www.zomato.com/ahmedabad/shree-annapurna-corner-1-mani-nagar/info,3.9,"North Indian, South Indian, Italian, Chinese, Biryani, Fast Food, Desserts, Beverages",6.3 km,"Shop 1/A/1, Krishna Baug Char Rasta, Mani Nagar, Ahmedabad",+918866464826,"11am – 3:30pm, 6:30pm – 10:30pm (Today)"
Tinello - Hyatt Regency,https://b.zmtcdn.com/data/pictures/2/113732/60bdbccc80be7b163ddcf2527e1f4bd7.jpg,https://www.zomato.com/ahmedabad/tinello-hyatt-regency-ashram-road/info,4.3,"Italian, Continental, North Indian, South Indian, Asian, Sandwich, Desserts, Beverages",363 m,"17/A, Hyatt Regency, Usmanpura, Ashram Road, Ahmedabad",+917574826669,24 Hours (Today)
Tim Tim,https://b.zmtcdn.com/data/pictures/1/20099201/a33b898b105991a78b3b29b62680384c.jpg,https://www.zomato.com/ahmedabad/tim-tim-1-bodakdev/info,4.4,"Asian, Sushi, Beverages, North Indian",6.5 km,"Swagarena, Rajpath Rangoli Road, Opposite Shilp Epitome, Bodakdev, Ahmedabad",+919879797641,Opens at 12noon
Gordhan Thaal,https://b.zmtcdn.com/data/pictures/chains/5/110145/785e4cc9043464f9dbe819ae30a631b8_featured_v2.jpg,https://www.zomato.com/ahmedabad/gordhan-thaal-satellite/info,4.3,"Gujarati, North Indian",5.8 km,"Ground Floor, Sapath Complex, S G Highway, Satellite, Ahmedabad",+917926871222,"11am – 3pm, 7pm – 10:30pm (Today)"
Sambar Cafe,https://b.zmtcdn.com/data/pictures/1/20604081/e364c055fe5f01b0c6695e66ec253bb6_o2_featured_v2.jpg,https://www.zomato.com/ahmedabad/sambar-cafe-bodakdev/info,4.2,South Indian,6.7 km,"B/2, Block B, Ground Floor, Shivalik Business Centre, Rajpath Club, S.G. Highway, Bodakdev, Ahmedabad",+917874444077,"11am – 1pm, 3:30pm – 6:30pm (Today)"
Roast & Toast,https://b.zmtcdn.com/data/pictures/8/20745958/0d7760515e2d3dc0d4b36df04a475ae9.jpg,https://www.zomato.com/ahmedabad/roast-toast-infocity-gandhinagar/info,4.2,"Cafe, Coffee, Bakery, Chinese, Italian, Pizza, Desserts, Beverages",16.8 km,"Shop 3, Synergy Space, Sargasan, Sarkhej Bypass Highway, Opposite Aashka Hospital, Infocity, Gandhinagar",+918282824903,11am – 11pm (Today)
Ramodi - Kitchen By Rasna,https://b.zmtcdn.com/data/pictures/9/21189529/52e0a0d3b797b6a251ae39817409168a.jpeg,https://www.zomato.com/ahmedabad/ramodi-kitchen-by-rasna-bopal/info,4.1,"North Indian, Biryani, Chinese, Continental, Pasta, Pizza, Desserts, Beverages",9.2 km,"FP 60/1, FF 104-105, Sepal Olivia, Near Iscon Platinum, Bopal, Ahmedabad",+919998859000,"11am – 3pm, 7pm – 11pm (Today)"
@Mango,https://b.zmtcdn.com/data/pictures/2/113702/b76a0fbc9cc443638633df5109fbd140.png,https://www.zomato.com/ahmedabad/@mango-bodakdev/info,4.1,"Continental, Italian, Chinese, North Indian, Pizza, Desserts, Beverages",6.7 km,"Tp-50 Fp-177/1/178, Sharda Aam Bagan, Bodakdev, Ahmedabad",+919925238230,Opens at 12noon
Roastea Cafe,https://b.zmtcdn.com/data/pictures/chains/4/20065454/9e0232724f9165ec822e69fc02f7f1a7.jpg,https://www.zomato.com/ahmedabad/roastea-cafe-bopal/info,4.5,"Italian, Mexican, Cafe, Desserts, Beverages, Bakery",7.7 km,"Shop 1, Ground Floor, South Tower One 42, Bopal Ambli Road, Opposite Ashok Vatika, Bopal, Ahmedabad",+919714333900,8am – 11pm (Today)
Aura - Courtyard By Marriott SBR,https://b.zmtcdn.com/data/pictures/3/19560983/7a5826a4070dcc03af8e1007493af57d.jpg,https://www.zomato.com/ahmedabad/aura-courtyard-by-marriott-sbr-bodakdev/info,4.2,"Chinese, North Indian, Italian, Asian, Biryani, Beverages, Continental, Thai",6.4 km,"Sindhu Bhawan Road, Bodakdev, Ahmedabad",+917486004034,6:30am – 10:30pm (Today)
Kinjal Dining Hall,https://b.zmtcdn.com/data/pictures/1/19187701/2ebb37c2dca097aceff71e1d3af6dbf3.jpg,https://www.zomato.com/ahmedabad/kinjal-dining-hall-shahibagh/info,3.7,"North Indian, Gujarati",3.7 km,"1, Manek Niwas, Asarva, Shahibagh, Ahmedabad",+917922682130,"10:30am – 3:15pm, 6:30pm – 10:15pm (Today)"
Jamie Oliver Kitchen,https://b.zmtcdn.com/data/pictures/5/21093055/68c21aa0df5b3e3cff3a6c27f8344609.jpg,https://www.zomato.com/ahmedabad/jamie-oliver-kitchen-thaltej/info,4.1,"Continental, Italian, Fast Food, Desserts, Coffee, Tea, Beverages",4.9 km,"FF 31, 4th Floor, Palladium Mall, Thaltej, Ahmedabad",+919409127838,11am – 11pm (Today)
Masala Maarke,https://b.zmtcdn.com/data/pictures/7/20656827/b332a4095a7e999ab8834e3ee9dcea0c.jpg,https://www.zomato.com/ahmedabad/masala-maarke-6-sola/info,3.4,"North Indian, Salad, Chinese, Pizza, Pasta, Sandwich, Fast Food, Desserts",7.6 km,"1st Floor, Shanti Enclave, Super Market, Near Avirat House, Science City Road, Sola, Ahmedabad",+919054966119,"11:30am – 3pm, 7pm – 11pm (Today)"
Kaffee - Mast Hai,https://b.zmtcdn.com/data/pictures/3/18261013/c13b002f2a2e0a8118baa81c73a2942d.jpg,https://www.zomato.com/ahmedabad/kaffee-mast-hai-chandkheda/info,4.1,"Cafe, Pasta, Burger, Sandwich, Pizza, Wraps, Desserts, Beverages",10.3 km,"Ground Floor, Shree Balaji Agora Mall, Chandkheda, Ahmedabad",+917046035078,24 Hours (Today)
Urban Zykaa,https://b.zmtcdn.com/data/pictures/8/18275468/b1fe0e4b76e3a0c28fd4096110feec3c.jpg,https://www.zomato.com/ahmedabad/urban-zykaa-mani-nagar/info,4.1,"North Indian, Italian, Chinese, Pasta, Pizza, Desserts, Beverages",5.8 km,"4th Floor, Saffron Complex, Opposite Shelat Bhuvan Bus Stop, Mani Nagar, Ahmedabad",+917925434000,"11:30am – 3pm, 7pm – 11pm (Today)"
Brick Kitchen - Five Petals,https://b.zmtcdn.com/data/pictures/3/18335583/a21fd9314f5879e184945517cf24528c.jpg,https://www.zomato.com/ahmedabad/brick-kitchen-five-petals-ghatlodia/info,4.4,"North Indian, Continental, Oriental, Salad, Desserts, Beverages",4.2 km,"217/1, Riddhi Siddhi Arcade, Near Nalanda, Ghatlodia, Ahmedabad",+917046560560,Opens at 12noon
Shambhu's Coffee Bar,https://b.zmtcdn.com/data/pictures/chains/7/110357/1152ef2b07601c81b5bb018d670758e0.jpg,https://www.zomato.com/ahmedabad/shambhus-coffee-bar-mani-nagar/info,3.9,"Street Food, Sandwich, Fast Food, Pizza, Bakery",6.3 km,"First Floor, 102, 106, 107, Kesarkunj, Krushnabag Char Rasta, Mani Nagar, Ahmedabad",+916359922333,11am – 11pm (Today)
Amala,https://b.zmtcdn.com/data/pictures/6/21056666/d9a58e9e358a1af7b9be9a5fd4ec99c8.jpg,https://www.zomato.com/ahmedabad/amala-bodakdev/info,3.6,"North Indian, Pizza",7 km,"Ashok Vatika Road, Next To SK Farm, Bodakdev, Ahmedabad",+918799012199,Opens at 12noon
Angat 22 The Restaurant & Banquet,https://b.zmtcdn.com/data/pictures/5/113905/194b4e1042a242f7d970579a61c70c3b.jpg,https://www.zomato.com/ahmedabad/angat-22-the-restaurant-banquet-bopal/info,4.4,"North Indian, Chinese, Continental, Mexican, Salad, Pasta, Oriental, Biryani",10 km,"1st Floor, Daffodils Plaza, Gala Gymkhana Road, Bopal, Ahmedabad",+919974433222,"11am – 3pm, 7pm – 11pm (Today)"
Burma Burma,https://b.zmtcdn.com/data/pictures/3/20647993/3e771a7ee4049bb9b74ebe3265bd24c6.jpg,https://www.zomato.com/ahmedabad/burma-burma-thaltej/info,4.9,"Burmese, Asian, Salad, Bubble Tea, Ice Cream, Desserts",5 km,"FF-7, 4TH Floor, Phoenix Palladium Ahmedabad Mall, Opposite Zydus Hospital S.G.Highway, Thaltej, Ahmedabad",+919920240800,Opens at 12noon
Sankalp,https://b.zmtcdn.com/data/pictures/chains/7/110347/b595cf03102186983192a676d331f9b8.jpg,https://www.zomato.com/ahmedabad/sankalp-bodakdev/info,4.0,"South Indian, North Indian, Desserts, Beverages",5.9 km,"Plot 3, Near Rajpath Club, S.G Highway, Bodakdev, Ahmedabad",+919727722235,11am – 11pm (Today)
Tim Tim Brew House,https://b.zmtcdn.com/data/pictures/3/20691363/1676c8e842f166f91afbe3cf9a04ec30.jpeg,https://www.zomato.com/ahmedabad/tim-tim-brew-house-bodakdev/info,4.7,"Chinese, Italian, Japanese, Spanish, Asian, Desserts",5 km,"Unit FH-01, 5th Floor, Phoenix Palladium, Bodakdev, Ahmedabad",+919879797641,11am – 11pm (Today)
R Kitchen - Renaissance Hotel,https://b.zmtcdn.com/data/reviews_photos/4ac/e027329cb8194b89ba9dcd38156e84ac_1515866962.jpg,https://www.zomato.com/ahmedabad/r-kitchen-renaissance-hotel-sola/info,4.2,"North Indian, Chinese, Asian, Beverages, Desserts",5.5 km,"Renaissance Hotel, SG Highway, Sola, Ahmedabad",+917574847178,6:30am – 11pm (Today)
The Indian Channel,https://b.zmtcdn.com/data/pictures/9/20961299/5896501f2b71ab1b5d29b5f3e1f5167a.jpg,https://www.zomato.com/ahmedabad/the-indian-channel-1-bodakdev/info,3.9,"North Indian, Chinese, Italian, Japanese, Asian, Desserts",6.3 km,"88, Hetdiv Bungalows, Bodakdev, Ahmedabad",+918487990018,"11am – 3pm, 7pm – 11pm (Today)"
Caffe Allora,https://b.zmtcdn.com/data/pictures/6/20627306/55c71ee5cdc739067182bdf992c774fc.jpg,https://www.zomato.com/ahmedabad/caffe-allora-thaltej/info,4.1,"Pizza, Italian, Pasta",4.9 km,"22-23, 4th Floor, Phoenix Palladium Mall, Thaltej, Ahmedabad",+919152014565,11:30am – 11pm (Today)
Java+ - Courtyard By Marriott,https://b.zmtcdn.com/data/pictures/8/113018/4d9087a2769a3c2bb34059ed3394233f_featured_v2.jpg,https://www.zomato.com/ahmedabad/java-courtyard-by-marriott-satellite/info,4.0,"Italian, Fast Food, Street Food",5.9 km,"Ramdevnagar Cross Road, Satellite, Ahmedabad",+917966185000,24 Hours (Today)
Poult,https://b.zmtcdn.com/data/pictures/5/20620725/a5bc2a2a943f9718922d74ba58699492_o2_featured_v2.jpg,https://www.zomato.com/ahmedabad/poult-thaltej/info,4.4,"Burger, Fast Food, American",5 km,"30, 4th Floor, Phoenix Palladium Mall, Thaltej, Ahmedabad",+919152886588,10:30am – 11:30pm (Today)
Zeus - A Creative Fleet Restro,https://b.zmtcdn.com/data/pictures/5/21123035/837200422e290830b65bb074a2827b4d.jpg,https://www.zomato.com/ahmedabad/zeus-a-creative-fleet-restro-chandkheda/info,4.0,"Continental, Shake, Beverages",9.9 km,"SP Circle, Zundal Road, Chandkheda, Ahmedabad",+916356634354,Opens at 12noon
Little French House,https://b.zmtcdn.com/data/pictures/7/18821777/28ff9596d5aaa41588ffc47ceb6a949e.jpeg,https://www.zomato.com/ahmedabad/little-french-house-navrangpura/info,4.0,"Cafe, Beverages, Continental, Italian, Mexican, Fast Food, Desserts, Waffle",619 m,"Ground Floor, Citizen Arena, Opposite Nidhi Hospital, Navrangpura, Ahmedabad",+917926422000,9am – 10pm (Today)
Amritsar Haveli,https://b.zmtcdn.com/data/pictures/4/21027124/4ea417770f1f770b85781729b719e21c.jpg,https://www.zomato.com/ahmedabad/amritsar-haveli-prahlad-nagar/info,3.7,"North Indian, Chinese, Fast Food, Desserts, Shake, Beverages",6.6 km,"Shop 107, 1st Floor, Venus Atlantis, Near Shell Petrol Pump, Prahlad Nagar, Ahmedabad",+918735851439,Opens at 12noon
Govinda's,https://b.zmtcdn.com/data/reviews_photos/29e/a24361e7e4eb6f9c6bdddd79e590429e_1604818769.jpg,https://www.zomato.com/ahmedabad/govindas-1-satellite/info,3.9,"North Indian, Chinese, Salad, Oriental, Pizza",6.3 km,"ISKCON Temple, S.G. Highway, Satellite, Ahmedabad",+919081754481,"11am – 3pm, 7pm – 11pm (Today)"
Shivahu,https://b.zmtcdn.com/data/pictures/1/21234751/bd5b04da13848573f596f74989e14b40.png,https://www.zomato.com/ahmedabad/shivahu-ambavadi/info,3.8,"South Indian, Chinese, Desserts, Beverages",3.9 km,"GF/11, Hill Plaza Society, Near Golden Tulip Bunglow, Ambavadi, Ahmedabad",+919512660077,10am – 11pm (Today)
Silver Leaf - Cama Hotel,https://b.zmtcdn.com/data/pictures/6/110456/7f9ab818a115d8d66c5ec6ec6f4391dd.jpg,https://www.zomato.com/ahmedabad/silver-leaf-cama-hotel-lal-darwaja/info,4.0,"North Indian, Parsi, Chinese, Mughlai, Oriental, Fast Food, Desserts, Beverages",1.6 km,"Cama Hotel, Khanpur Road, Lal Darwaja, Ahmedabad",+917600013945,24 Hours (Today)
Kaffa Coffee Roasters,https://b.zmtcdn.com/data/pictures/0/20443880/7c0cbffdfdbd3aa25cdfcd4d1d82c54e.jpg,https://www.zomato.com/ahmedabad/kaffa-coffee-roasters-vastrapur/info,4.3,"Continental, Fast Food, Pizza, Coffee, Desserts",3.1 km,"Apang Manav Mandal, DR Vikram Sarabhai Marg, IIM Road, Vastrapur, Ahmedabad",+919824002487,11am – 11pm (Today)
Yanki Sizzlerr,https://b.zmtcdn.com/data/pictures/7/18619137/4793b4b3055e17e244d6ebcabdad2d7a.jpg,https://www.zomato.com/ahmedabad/yanki-sizzlerr-navrangpura/info,4.4,"Chinese, Italian, Continental, Sandwich, Pizza, Desserts",1.4 km,"Opposite Naran Park Society, HL College Road, Navrangpura, Ahmedabad",+917926448288,Opens at 12noon
Kanchiipuram,https://b.zmtcdn.com/data/pictures/8/20731288/10a2d8fa9218788b0f039731608130c3.jpg,https://www.zomato.com/ahmedabad/kanchiipuram-bodakdev/info,4.4,South Indian,5.2 km,"25, Ground Floor, Rudra Square, Bodakdev, Ahmedabad",+919925031118,"8am – 3pm, 6pm – 11pm (Today)"
Cafe Piano - The Grand Bhagwati,https://b.zmtcdn.com/data/pictures/4/110074/7d38f5dc4b8433a2b2dc1a3820a9b79f.jpg,https://www.zomato.com/ahmedabad/cafe-piano-the-grand-bhagwati-bodakdev/info,4.0,"Cafe, North Indian, Continental, Italian, South Indian, Fast Food, Desserts, Beverages",5.4 km,"S.G. Highway, Bodakdev, Ahmedabad",+919879000221,11am – 12midnight (Today)
Finch Brew Cafe,https://b.zmtcdn.com/data/pictures/9/21363059/a2a115dccdf36b2348f246e82148e779.jpeg,https://www.zomato.com/ahmedabad/finch-brew-cafe-bodakdev/info,New,"Asian, Italian, Chinese, North Indian, Bakery, Coffee, Continental",6.5 km,"Orbit, PRL Colony, Rajpath Rangoli Road, Bodakdev, Ahmedabad",+919601683156,Opens at 12noon
Barbeque Nation,https://b.zmtcdn.com/data/pictures/chains/6/110026/ea322041eaddcf89303c360274a18f6b.jpg,https://www.zomato.com/ahmedabad/barbeque-nation-chandkheda/info,4.4,"North Indian, BBQ, Biryani, Kebab, Continental, Chinese, Beverages, Desserts",10.4 km,"204 to 207, Saral Xperia Mall, Sky Forest, Opposite Agora Mall, Chandkheda, Ahmedabad",+917041237144,Opens at 12noon
